code_internal,name,lat,lon,elevation,basin,source,Snow Depth Sensor,start date,end date,potential days with data,effective days with data
2000002,Volcán Auncanquilcha,-21.1906,-68.4528,5087,Fronterizas Salar Michincha - R. Loa,DGA,Campbell/SR50A was replaced by Lufft/SHM31,2021/12/01,2024/12/31,1127,1062 (94%)
2400002,Cerro Chajnantor Cumbre,-22.9872,-67.7422,5625,Endorreica entre Fronterizas y Salar Atacama,DGA,Campbell/SR50A was replaced by Lufft/SHM31,2022/03/01,2024/12/31,1037,622 (60%)
3031002,Volcán Ojos del Salado bajo Refugio Atacama,-27.0519,-68.5350,5201,Endorreicas entre Frontera y Vertiente,DGA,Campbell/SR50A was replaced by Lufft/SHM31,2023/01/03,2024/12/31,729,481 (66%)
3031003,Volcán Ojos del Salado en Refugio Tejos,-27.0869,-68.5378,5804,Endorreicas entre Frontera y Vertiente,DGA,Campbell/SR50A was replaced by Lufft/SHM31,2023/01/03,2024/12/31,729,592 (81%)
3413001,Glaciar Maranceles,-28.4572,-69.7236,3985,Río Copiapo,DGA,Campbell/SR50A was replaced by Lufft/SHM31,2022/04/19,2024/12/31,988,975 (99%)
4300004,Glaciar Tapado en Los Corrales,-30.1554,-69.8829,4065,Río Elqui,DGA,Campbell/SR50A was replaced by Lufft/SHM31,2019/10/31,2024/12/31,1889,1744 (92%)
430004,Tapado (TPF),-30.1584,-69.9084,4306,Río Elqui,CEAZA,Lufft/SHM31,2018/03/21,2023/10/25,2045,1844 (90%)
430014,Los Corrales ,-30.1615,-69.8759,3982,Río Elqui,CEAZA,Campbell/SR50A,2020/09/30,2023/01/30,853,337 (40%)
Capayan,Capayán,-30.1734,-69.8038,4754,Río Jáchal,IANIGLA,Campbell/SR50A,2016/12/20,2024/12/31,2934,2889 (98%)
430009,La Laguna,-30.2032,-70.0371,3209,Río Elqui,CEAZA,Campbell/SR50A,2015/06/01,2024/12/31,3502,2579 (74%)
430012,Llano de Las Liebres,-30.2542,-69.9345,3565,Río Elqui,CEAZA,Campbell/SR50A,2017/05/16,2021/07/31,1538,1096 (71%)
4300001,Cerro Olivares,-30.2567,-69.9355,3566,Río Elqui,DGA,Campbell/SR50A was replaced by Lufft/SHM31,2020/12/23,2024/12/31,1470,735 (50%)
430003,El Jote,-30.4053,-70.2795,3660,Río Elqui,CEAZA,Campbell/SR50A,2019/04/02,2024/12/31,2101,2057 (98%)
4520006,Quebrada Larga Cota 3500,-30.7252,-70.2918,3550,Río Limarí,DGA,Campbell/SR50A was replaced by Lufft/SHM31,2015/03/07,2024/12/31,3588,3373 (94%)
4511004,Cerro Vega Negra,-30.9059,-70.5165,3529,Río Limarí,DGA,Campbell/SR50A was replaced by Lufft/SHM31,2016/01/01,2024/10/30,3226,1536 (48%)
450001,Tascadero,-31.2628,-70.5399,3427,Río Limarí,CEAZA,Campbell/SR50A,2020/02/19,2024/12/31,1778,1282 (72%)
470001,Casa del Canto,-31.4173,-70.5890,3570,Río Choapa,CEAZA,Campbell/SR50A,2019/03/14,2024/12/31,2120,2093 (99%)
4700002,El Soldado,-32.0066,-70.3213,3293,Río Choapa,DGA,Campbell/SR50A was replaced by Lufft/SHM31,2015/06/08,2024/12/31,3495,3100 (89%)
5100003,Nacimiento Del Sobrante,-32.1889,-70.4829,3143,Río Petorca,DGA,Campbell/SR50A was replaced by Lufft/SHM31,2017/01/01,2024/12/31,2922,2636 (90%)
Cuevas,Las Cuevas,-32.8130,-70.0530,3197,Río Mendoza,IANIGLA,Campbell/SR50A,2018/01/03,2024/12/31,2555,2541 (99%)
5401007,Portillo ,-32.8424,-70.0970,3032,Río Aconcagua,DGA,Campbell/SR50A was replaced by Lufft/SHM31,2013/04/24,2024/12/31,4270,3747 (88%)
5400005,Glaciar León Negro,-32.9936,-70.0283,4350,Río Aconcagua,DGA,Campbell/SR50A was replaced by Lufft/SHM31,2019/10/31,2024/12/31,1889,848 (45%)
Portillo,Portillo Argentino,-33.6222,-69.5888,3890,Río Mendoza,IANIGLA,Campbell/SR50A,2019/10/31,2022/12/31,1158,1076 (93%)
5706004,Glaciar Juncal Sur,-33.1175,-70.1119,4035,Río Maipo,DGA,Campbell/SR50A was replaced by Lufft/SHM31,2019/01/18,2024/12/31,2175,2115 (97%)
5706002,Glaciar Olivares Gamma,-33.1564,-70.1528,3628,Río Maipo,DGA,Campbell/SR50A was replaced by Lufft/SHM31,2014/05/18,2024/12/31,3881,3597 (93%)
5706005,Glaciar Olivares Alfa,-33.1786,-70.2181,4230,Río Maipo,DGA,Campbell/SR50A was replaced by Lufft/SHM31,2019/03/26,2024/12/31,2108,1951 (93%)
5706003,Valle Olivares,-33.1910,-70.1141,2786,Río Maipo,DGA,Campbell/SR50A was replaced by Lufft/SHM31,2015/01/02,2024/12/31,3652,2794 (77%)
5721019,La Parva,-33.3306,-70.2972,2703,Río Maipo,DGA,Campbell/SR50A was replaced by Lufft/SHM31,2021/07/20,2024/12/30,1260,1236 (98%)
5720005,Farellones,-33.3517,-70.3128,2452,Río Maipo,DGA,Campbell/SR50A was replaced by Lufft/SHM31,2023/11/07,2024/12/31,421,416 (99%)
5705004,Glaciar Tupungatito Bajo,-33.3858,-69.8381,4425,Río Maipo,DGA,Campbell/SR50A was replaced by Lufft/SHM31,2019/10/31,2024/12/31,1889,1344 (71%)
5703013,Portezuelo Glaciar Echaurren Norte,-33.5764,-70.1289,3847,Río Maipo,DGA,Campbell/SR50A was replaced by Lufft/SHM31,2019/10/31,2024/12/31,1889,467 (25%)
5703012,Valle Echaurren Norte,-33.5939,-70.1103,2950,Río Maipo,DGA,Campbell/SR50A was replaced by Lufft/SHM31,2023/01/01,2024/11/14,684,676 (99%)
5703014,Termas Del Plomo,-33.6133,-69.9058,3027,Río Maipo,DGA,Campbell/SR50A was replaced by Lufft/SHM31,2017/03/06,2022/12/31,2127,1790 (84%)
5703009,Laguna Negra,-33.6659,-70.1077,2785,Río Maipo,DGA,Campbell/SR50A was replaced by Lufft/SHM31,2013/04/10,2024/12/31,4284,3841 (90%)
5701010,Las Melosas Ruta de Nieve,-33.8636,-70.2727,3317,Río Maipo,DGA,Campbell/SR50A was replaced by Lufft/SHM31,2017/01/01,2024/12/31,2922,2507 (86%)
5701011,Las Hualtatas,-34.0677,-70.1089,2020,Río Maipo,DGA,Campbell/SR50A was replaced by Lufft/SHM31,2019/10/31,2024/12/31,1889,1314 (70%)
6005005,Codelco Cerro Teniente,-34.2047,-70.2692,2950,Río Rapel,DGA,Campbell/SR50A was replaced by Lufft/SHM31,2024/05/31,2024/12/31,215,210 (98%)
6000004,Laguna El Yeso,-34.4118,-70.2084,2140,Río Rapel,DGA,Campbell/SR50A was replaced by Lufft/SHM31,2016/01/01,2024/12/31,3288,1980 (60%)
6013008,Laguna Los Cristales,-34.5611,-70.5097,2357,Río Rapel,DGA,Campbell/SR50A was replaced by Lufft/SHM31,2013/03/09,2020/09/30,2763,1285 (47%)
6001000,Glaciar Cortaderal,-34.6608,-70.2561,3156,Río Rapel,DGA,Campbell/SR50A was replaced by Lufft/SHM31,2018/05/31,2023/08/31,1919,1827 (95%)
6023000,Glaciar Universidad en Río San Andrés,-34.7186,-70.3592,2436,Río Rapel,DGA,Campbell/SR50A was replaced by Lufft/SHM31,2020/09/30,2024/12/31,1554,708 (46%)
6021002,Cerro Los Guzmanes,-34.8861,-70.4636,3125,Río Rapel,DGA,Campbell/SR50A was replaced by Lufft/SHM31,2024/04/19,2024/12/31,257,249 (97%)
6020001,Termas Del Flaco,-34.8930,-70.3300,2665,Río Rapel,DGA,Campbell/SR50A was replaced by Lufft/SHM31,2013/04/09,2024/12/31,4285,3407 (80%)
7100006,Paso Vergara,-35.1948,-70.5114,2602,Río Mataquito,DGA,Campbell/SR50A was replaced by Lufft/SHM31,2016/02/18,2024/12/31,3240,2147 (66%)
Toqui,Toqui Lautaro,-35.2928,-70.5163,2453,Río Lautaro,IANIGLA,Campbell/SR50A,2017/01/01,2024/10/23,2853,2527 (89%)
7301000,Lo Aguirre,-35.9713,-70.5721,1989,Río Maule,DGA,Campbell/SR50A was replaced by Lufft/SHM31,2010/06/11,2024/12/31,5318,3883 (73%)
7301002,NUEVA LO AGUIRRE,-35.9723,-70.5718,1997,Río Maule,DGA,Campbell/SR50A was replaced by Lufft/SHM31,2019/10/31,2024/12/31,1889,1288 (68%)
7301001,Los Condores,-36.0097,-70.5478,2439,Río Maule,DGA,Campbell/SR50A was replaced by Lufft/SHM31,2015/01/02,2024/12/31,3652,2537 (69%)
7350008,Nevado Longavi,-36.2344,-71.1435,1977,Río Maule,DGA,Campbell/SR50A was replaced by Lufft/SHM31,2011/03/01,2024/12/31,5055,2931 (58%)
8130009,Nevado Chillan,-36.8473,-71.4160,2546,Río Itata,DGA,Campbell/SR50A was replaced by Lufft/SHM31,2022/05/02,2024/12/30,974,491 (50%)
8374001,Volcan Chillan,-36.8939,-71.4116,2078,Río Biobio,DGA,Campbell/SR50A was replaced by Lufft/SHM31,2016/03/04,2024/12/31,3225,3103 (96%)
8372001,Alto Mallines,-37.1578,-71.2430,1784,Río Biobio,DGA,Campbell/SR50A was replaced by Lufft/SHM31,2016/01/02,2024/12/31,3287,3191 (97%)
8370010,Los Corralitos,-37.5772,-71.1575,1785,Río Biobio,DGA,Campbell/SR50A was replaced by Lufft/SHM31,2019/10/31,2024/12/31,1889,422 (22%)
8308003,Chenqueco,-38.0647,-71.3547,778,Río Biobio,DGA,Campbell/SR50A was replaced by Lufft/SHM31,2024/01/02,2024/12/31,365,354 (97%)
8301001,Liucura,-38.6449,-71.0907,1034,Río Biobio,DGA,Campbell/SR50A was replaced by Lufft/SHM31,2022/01/02,2022/12/31,364,357 (98%)
10105003,Volcán Villarrica Pichillancahue,-39.4350,-71.8758,1800,Río Valdivia,DGA,Campbell/SR50A was replaced by Lufft/SHM31,2021/12/13,2023/11/10,698,385 (55%)
10110003,Complejo Volcánico Mocho Choshuenco,-39.9514,-72.0586,1565,Río Valdivia,DGA,Campbell/SR50A was replaced by Lufft/SHM31,2024/04/25,2024/12/31,251,207 (82%)
10321001,Cardenal Samore,-40.6831,-71.9864,920,Río Bueno,DGA,Campbell/SR50A was replaced by Lufft/SHM31,2023/04/14,2024/12/31,628,592 (94%)
10710004,Cuesta Moraga,-43.3360,-72.3990,575,Río Yelcho,DGA,Campbell/SR50A was replaced by Lufft/SHM31,2024/04/26,2024/12/31,250,247 (99%)
1130001,Cerro Divisadero,-45.6165,-72.0134,1430,Río Aysén,CIEP,Campbell/SR50A,2020/09/30,2024/12/31,1554,468 (30%)
11314002,Cerro Divisadero en el Fraile,-45.6270,-72.0040,1190,Río Aysén,DGA,Campbell/SR50A was replaced by Lufft/SHM31,2019/12/31,2024/12/31,1828,1055 (58%)
11503002,Portezuelo Ibañez,-46.0778,-72.0510,1080,Río Baker,DGA,Campbell/SR50A was replaced by Lufft/SHM31,2022/07/07,2024/12/31,909,906 (100%)
11440001,Hielo Norte en Glaciar San Rafael,-46.7053,-73.5936,1187,Costeras e Islas R. Aisen R. Baker C. Gral. Martinez,DGA,Campbell/SR50A was replaced by Lufft/SHM31,2021/03/13,2024/12/31,1390,1149 (83%)
1150003,Steffen,-47.5555,-73.6958,30,Río Baker,CIEP,Campbell/SR50A,2022/01/01,2022/10/09,282,240 (85%)
Epulef,Epulef,-49.0523,-72.9505,898,Río Santa Cruz,IANIGLA,Campbell/SR50A,2016/01/31,2023/12/31,2892,1575 (54%)
Aonikenk,Aonikenk,-49.2774,-72.9975,1233,Río Santa Cruz,IANIGLA,Campbell/SR50A,2014/03/30,2024/11/10,3879,3074 (79%)
Chalten,Chalten,-49.3381,-72.8844,400,Río Santa Cruz,IANIGLA,Campbell/SR50A,2019/10/31,2024/12/31,1889,1056 (56%)
Tumbado,Pliegue Tumbado,-49.3793,-72.9368,1070,Río Santa Cruz,IANIGLA,Campbell/SR50A,2020/03/27,2022/12/31,1010,953 (94%)
12730001,Glaciar Snoring,-53.7230,-72.6080,70,Islas al sur Estrecho de Magallanes,DGA,Campbell/SR50A was replaced by Lufft/SHM31,2019/10/31,2024/10/14,1811,286 (16%)
